ID,ENMO_Avg_Active_Days_MVPA192,ENMO_Avg_Active_Days_MVPA110,ENMO_Avg_All_Days_MVPA192,ENMO_Avg_All_Days_MVPA110
0d01bbf2,7.607142857142857,21.586206896551722,7.0,18.91176470588235
cefdb7fe,3.142857142857143,10.19047619047619,2.875,9.869565217391305
58391429,1.75,2.4,1.75,2.3333333333333335
2ca2206f,5.64,13.7,5.964285714285714,13.5
19455336,9.375,19.7,8.777777777777779,18.166666666666668
ca33a5e7,5.0,7.5,5.0,5.666666666666667
92bb8516,10.625,23.875,7.428571428571429,13.9375
2812951b,22.166666666666668,45.5,16.36842105263158,29.363636363636363
6b6467f4,,,5.0,13.0
9d6b1410,28.266666666666666,43.375,28.266666666666666,43.375
22c72c4e,,,7.0,20.0
b3b200af,3.875,10.083333333333334,3.875,10.083333333333334
ebf30e46,26.5,31.666666666666668,16.25,13.904761904761905
2a0b8386,15.11111111111111,20.8,15.11111111111111,20.8
71c1b1d2,6.363636363636363,20.636363636363637,5.6923076923076925,17.214285714285715
e683d2c9,24.0,41.0,15.0,26.5
bebff291,8.294117647058824,22.444444444444443,8.294117647058824,22.444444444444443
d4d2f272,3.3636363636363638,6.529411764705882,3.3636363636363638,6.529411764705882
81d3ab22,,,,1.0
051680a0,16.576923076923077,38.30769230769231,15.785714285714286,33.96666666666667
1aff6762,1.8333333333333333,7.4,1.8333333333333333,7.363636363636363
a0522c83,4.055555555555555,11.619047619047619,4.055555555555555,11.136363636363637
b447e66d,14.818181818181818,38.0,14.869565217391305,37.73913043478261
90161e10,5.0,6.0,5.0,6.0
adbd6839,18.4,42.8,17.761904761904763,41.523809523809526
3e5d5b58,8.25,21.0,7.1,15.333333333333334
cd68643b,6.454545454545454,23.09090909090909,6.260869565217392,22.434782608695652
af4f064e,5.526315789473684,13.045454545454545,5.526315789473684,12.083333333333334
554e46e9,,,4.0,5.0
8f21c613,8.35483870967742,24.727272727272727,8.125,24.08823529411765
3826be66,13.772727272727273,34.0,13.0,32.25
2898269f,22.363636363636363,52.36363636363637,22.363636363636363,52.36363636363637
43f5d3c5,12.461538461538462,16.35,11.117647058823529,14.851851851851851
76fb4afb,24.666666666666668,40.63157894736842,24.666666666666668,38.95
fc2c2c08,6.785714285714286,19.0,6.785714285714286,18.1
1837456f,9.5625,30.0,8.833333333333334,27.52777777777778
4bc2bee9,7.1,29.866666666666667,7.0,29.677419354838708
a402c6c8,18.272727272727273,43.34782608695652,17.608695652173914,42.125
035c96dd,4.0,10.8,4.0,10.8
29587a31,11.666666666666666,23.9,11.666666666666666,22.09090909090909
ab16a20d,12.1,30.6,11.545454545454545,29.545454545454547
fa34f945,,2.25,1.0,2.2
c9600298,3.1666666666666665,13.476190476190476,3.0,13.136363636363637
070386b2,7.5,20.714285714285715,7.3076923076923075,20.6
91656d27,,,2.0,3.0
3f1f23e7,17.72222222222222,40.8,17.157894736842106,40.0
e46417a7,12.727272727272727,34.68181818181818,12.64,26.903225806451612
7b0a4060,18.62857142857143,41.628571428571426,18.62857142857143,40.75
5f574f3d,10.25,24.043478260869566,10.25,24.043478260869566
8c1f9196,2.727272727272727,6.176470588235294,2.5833333333333335,6.388888888888889
5e57bd12,,,,1.0
d3da09e8,3.111111111111111,11.0,3.111111111111111,10.666666666666666
4a9f92ca,10.75,28.607142857142858,10.758620689655173,28.482758620689655
7e87087b,5.0,5.222222222222222,5.0,5.222222222222222
8a77c3e9,10.941176470588236,29.705882352941178,10.941176470588236,29.705882352941178
5779f2e9,7.833333333333333,27.666666666666668,7.833333333333333,27.666666666666668
93904b23,4.1,10.484848484848484,4.1,9.971428571428572
98413061,14.2,35.6,14.0,34.666666666666664
fa633e39,26.0,6.857142857142857,16.0,7.25
c3d46daf,1.3333333333333333,8.384615384615385,1.3333333333333333,8.384615384615385
d8037389,4.2,8.583333333333334,4.2,8.583333333333334
b7c410a9,8.15,19.363636363636363,8.15,19.363636363636363
bc66f41d,4.105263157894737,15.666666666666666,3.95,14.695652173913043
6a4df6ff,8.0,23.0,4.75,10.166666666666666
641697e6,7.571428571428571,29.304347826086957,7.695652173913044,28.28
089a6b19,9.692307692307692,23.0,9.071428571428571,20.5625
1f65fa82,6.421052631578948,21.17391304347826,6.2,20.75
66f619e3,17.666666666666668,34.25,17.666666666666668,27.6
c79039af,4.25,6.153846153846154,4.25,5.928571428571429
0bd89878,20.235294117647058,44.911764705882355,20.17142857142857,44.74285714285714
cb2752bc,8.705882352941176,18.05263157894737,8.705882352941176,18.05263157894737
1c5ba087,6.25,9.0,8.142857142857142,9.272727272727273
54945f30,10.571428571428571,23.285714285714285,13.0,28.375
5132511c,4.909090909090909,9.05,4.909090909090909,9.05
0a431608,6.846153846153846,14.142857142857142,6.428571428571429,13.636363636363637
b1de4423,4.833333333333333,10.11111111111111,4.428571428571429,9.5
a3bd8858,3.3333333333333335,8.0,3.3333333333333335,8.0
e1ccc3d1,13.38888888888889,38.44444444444444,13.210526315789474,36.1
94a1053b,4.153846153846154,12.571428571428571,4.857142857142857,13.181818181818182
fa9a0add,5.142857142857143,24.08695652173913,4.954545454545454,23.625
09331bb8,8.466666666666667,19.8125,8.125,19.294117647058822
18b8b2f6,9.380952380952381,26.318181818181817,9.380952380952381,26.318181818181817
045a0a94,1.0,5.0,1.3333333333333333,5.857142857142857
e21255e2,3.25,5.333333333333333,2.8,4.857142857142857
930c567c,5.666666666666667,20.166666666666668,5.666666666666667,17.428571428571427
fd028ecc,2.5555555555555554,11.0,2.5555555555555554,10.904761904761905
e51193d1,11.3125,21.8125,10.882352941176471,19.77777777777778
9d65adbf,6.0,10.0,6.0,5.5
1cd37b36,,,4.0,9.0
a0182b17,8.352941176470589,16.941176470588236,8.352941176470589,16.941176470588236
87050a09,10.1,25.833333333333332,8.461538461538462,21.0625
649ff6d9,12.1,26.151515151515152,11.53125,25.085714285714285
6f5677b7,8.88888888888889,22.05,8.88888888888889,21.19047619047619
6e1d28b6,21.620689655172413,41.2,21.2,40.935483870967744
4d5a8ce7,2.6923076923076925,13.272727272727273,2.4375,10.612903225806452
9ebb73c7,17.8,35.6,12.75,23.333333333333332
e0db55b1,,1.0,,2.0
f47a67cc,7.0,13.0,15.0,21.0
7494989e,14.8,33.6,14.0,33.666666666666664
0a418b57,9.0,22.05,8.454545454545455,17.48148148148148
807d8908,1.0,3.8,1.0,3.8
5ed5f205,4.777777777777778,12.071428571428571,4.777777777777778,12.071428571428571
c9e419e7,3.9411764705882355,10.904761904761905,4.111111111111111,11.045454545454545
eef79620,2.727272727272727,8.916666666666666,2.727272727272727,8.692307692307692
5b2c9b83,1.2,5.947368421052632,1.2,5.947368421052632
966161e7,6.333333333333333,22.347826086956523,6.333333333333333,21.583333333333332
687c85e7,3.0,8.5,3.0,7.333333333333333
9e171735,10.727272727272727,27.818181818181817,10.727272727272727,27.818181818181817
e328a032,14.052631578947368,30.526315789473685,14.052631578947368,30.526315789473685
b3f5c066,24.0,49.95454545454545,24.545454545454547,49.95652173913044
23e024bd,4.5,11.0,4.5,11.0
f9384fa2,3.066666666666667,10.956521739130435,3.066666666666667,10.583333333333334
408bed19,6.703703703703703,22.2,5.8125,16.302325581395348
13eee030,6.206896551724138,20.393939393939394,6.066666666666666,20.058823529411764
b4e69f09,9.75,26.25,9.571428571428571,26.19047619047619
a5710c0a,4.125,13.25,4.117647058823529,13.19047619047619
33fe1b04,11.088235294117647,30.38235294117647,11.028571428571428,30.114285714285714
cfcf9dc9,14.333333333333334,11.666666666666666,14.333333333333334,11.0
893293dd,2.5,6.5,2.5,6.5
3d3dd3ae,12.210526315789474,25.9,12.25,25.80952380952381
2760be91,5.894736842105263,21.714285714285715,5.85,21.09090909090909
4570c8b8,16.06896551724138,43.41379310344828,15.387096774193548,40.46875
e3bce7e1,2.142857142857143,7.153846153846154,2.0,7.142857142857143
1eea8df2,,2.0,,2.0
35fa2ebf,2.3333333333333335,6.0,3.0,6.25
56cb7161,19.857142857142858,45.57142857142857,19.772727272727273,45.18181818181818
ed0b3906,7.0,9.833333333333334,6.0,9.285714285714286
48db8ecf,22.083333333333332,42.833333333333336,21.384615384615383,41.76923076923077
428970d4,4.882352941176471,20.714285714285715,4.666666666666667,20.045454545454547
3c2cf08e,18.65,35.857142857142854,18.047619047619047,34.59090909090909
e9d94c4e,23.272727272727273,42.608695652173914,23.272727272727273,42.608695652173914
12a607f6,,,8.0,21.0
8cab7bc4,,,1.0,1.6
eeedcd5e,1.6666666666666667,5.388888888888889,1.6666666666666667,4.904761904761905
8f9c03c6,6.733333333333333,19.61764705882353,6.375,18.916666666666668
a4530b41,10.863636363636363,33.36363636363637,10.434782608695652,32.04347826086956
01085eb3,3.9,20.7,3.761904761904762,20.0
c829500d,16.47826086956522,38.65217391304348,16.0,37.458333333333336
8a4e5d1a,6.0,13.333333333333334,6.0,11.0
f028534c,16.842105263157894,30.75,16.05,29.571428571428573
37995242,6.7,19.91304347826087,6.523809523809524,18.84
e9ca5586,7.2105263157894735,22.63157894736842,6.95,21.0
8c6c52a2,5.681818181818182,19.041666666666668,5.52,17.962962962962962
64b4005d,3.6666666666666665,16.666666666666668,3.5,14.0
00f332d1,12.052631578947368,19.94736842105263,12.052631578947368,19.94736842105263
7b543871,8.555555555555555,18.38095238095238,8.555555555555555,18.38095238095238
4decbcd8,,1.0,,1.5
98ed2153,7.470588235294118,21.473684210526315,7.111111111111111,20.45
c6313b18,,,,3.0
d6251195,4.0,3.5,3.5,7.0
221e37e0,13.4,25.3,12.272727272727273,23.90909090909091
1b5b34bc,3.75,10.88888888888889,3.75,9.9
1aae1de3,9.125,17.444444444444443,9.125,17.444444444444443
9f9be55c,12.047619047619047,25.61904761904762,11.826086956521738,25.0
bdbff28b,12.4,22.0,13.333333333333334,23.0
7f2715b4,6.0,22.0,3.0,8.0
ee2bf575,7.0,12.375,7.0,12.375
9d1b2d2c,9.3,22.91304347826087,8.904761904761905,22.208333333333332
6c2edc91,1.0,4.0,1.0,4.0
87af775e,13.15,21.181818181818183,12.619047619047619,20.565217391304348
f7b1374e,12.764705882352942,22.047619047619047,12.764705882352942,21.181818181818183
1e87baed,7.5,27.166666666666668,6.689655172413793,23.0
697c41d7,9.521739130434783,25.08,9.166666666666666,24.307692307692307
c294b507,2.5454545454545454,4.7368421052631575,2.5454545454545454,4.7368421052631575
c3a86e3e,6.863636363636363,18.24137931034483,6.375,17.322580645161292
f1baae47,1.3333333333333333,6.590909090909091,1.25,6.608695652173913
cda90e9e,11.263157894736842,28.35,11.263157894736842,28.35
d506f4c7,3.75,5.380952380952381,3.4,5.409090909090909
2e17c497,10.944444444444445,22.65,10.473684210526315,22.0
397efe7a,23.1875,45.8125,21.88235294117647,43.529411764705884
5e55e9fd,1.3333333333333333,3.6,3.0,5.333333333333333
948a7025,10.045454545454545,36.26086956521739,10.045454545454545,36.26086956521739
2e5f5207,18.1875,32.111111111111114,16.0,28.045454545454547
f9334e08,4.454545454545454,12.714285714285714,4.166666666666667,11.5
721ea536,7.636363636363637,27.884615384615383,7.636363636363637,27.884615384615383
429cc266,13.545454545454545,29.09090909090909,12.916666666666666,27.416666666666668
7f44236f,8.0,4.428571428571429,8.0,4.375
ad9f821d,20.23076923076923,36.30769230769231,19.785714285714285,33.6
6e9beaee,7.230769230769231,16.214285714285715,7.0,16.133333333333333
1314bc8c,6.125,17.904761904761905,5.9411764705882355,17.363636363636363
15f2e240,5.176470588235294,19.95,4.944444444444445,18.363636363636363
0bfe4fc9,11.2,19.526315789473685,11.2,18.65
26190ddd,19.3125,43.53125,19.09090909090909,41.911764705882355
9fa5cdfd,8.11111111111111,23.1,8.11111111111111,23.1
224fc39a,2.1538461538461537,7.608695652173913,2.0714285714285716,7.16
4a4a0f78,4.166666666666667,15.181818181818182,4.0,14.73913043478261
351cd4ec,17.333333333333332,42.142857142857146,16.5,32.18181818181818
6826f0be,11.76923076923077,35.53846153846154,10.9,31.09375
c3dde859,3.473684210526316,14.857142857142858,3.473684210526316,14.409090909090908
ef9617e7,14.0,30.818181818181817,11.2,23.705882352941178
3d6143f3,4.4,22.0,3.8333333333333335,20.666666666666668
d5b089a4,13.633333333333333,31.387096774193548,13.483870967741936,29.147058823529413
db9eae59,10.923076923076923,33.30769230769231,9.733333333333333,30.333333333333332
4a475a9f,,,,
fecc07d6,2.0,6.5,2.0,6.5
3875d4de,4.4375,14.235294117647058,4.235294117647059,13.777777777777779
012cadd8,18.4,33.4,18.0,32.666666666666664
dd747bba,17.38095238095238,38.333333333333336,16.434782608695652,36.65217391304348
36c060b9,6.411764705882353,24.764705882352942,6.411764705882353,24.764705882352942
2bbcfd43,5.769230769230769,11.555555555555555,5.428571428571429,11.0
73ec551e,6.954545454545454,26.227272727272727,6.739130434782608,25.73913043478261
ed711416,11.727272727272727,25.75,11.727272727272727,25.75
215ca39b,5.083333333333333,14.818181818181818,4.846153846153846,14.478260869565217
1c063ebc,4.380952380952381,12.064516129032258,4.380952380952381,11.78125
1e5f6199,18.9,43.55,17.90909090909091,42.0
d19e1025,7.0,25.88888888888889,5.7272727272727275,21.583333333333332
73ffa609,2.0,9.0,2.0,9.0
d0ac4f1c,2.5,3.4,2.3333333333333335,4.166666666666667
350cf38b,14.625,31.764705882352942,14.625,31.764705882352942
6dfe4a75,1.6666666666666667,7.7368421052631575,1.6666666666666667,7.7368421052631575
25a3a723,,,1.5,4.5
8a645723,,,1.0,2.0
68be3d5c,,,1.0,4.0
709457f3,1.0,3.5,1.0,3.5
4aa87859,19.772727272727273,39.27272727272727,19.26086956521739,37.95652173913044
47350ac6,1.5,12.5,1.3333333333333333,9.666666666666666
b7a61f8d,11.5,31.272727272727273,11.434782608695652,30.347826086956523
4950e24c,,,,
bb0d7d92,1.4,8.578947368421053,1.6666666666666667,8.95
08660d12,5.176470588235294,15.277777777777779,4.944444444444445,14.631578947368421
1957153d,4.4,8.333333333333334,5.461538461538462,9.0
da19c97e,23.25,51.375,21.0,46.666666666666664
c8fbbc8a,15.181818181818182,35.130434782608695,14.0,32.96
ffcd4dbd,5.625,16.0,5.625,15.391304347826088
9fb96ae3,4.5625,14.380952380952381,4.352941176470588,13.391304347826088
38cccd6d,12.764705882352942,22.047619047619047,12.764705882352942,21.181818181818183
19098ef0,7.5,22.0,5.333333333333333,16.666666666666668
cb3b7c3c,9.590909090909092,28.782608695652176,9.391304347826088,28.291666666666668
11739de2,,,3.0,4.0
fdc11b96,5.818181818181818,16.166666666666668,5.608695652173913,15.96
6247cc15,7.3076923076923075,27.692307692307693,7.148148148148148,25.17241379310345
1911731d,3.6875,13.45,3.588235294117647,13.238095238095237
f8ff0bc8,,,,1.0
080698b7,7.571428571428571,16.6,4.9411764705882355,14.272727272727273
7dc65b92,10.523809523809524,33.82608695652174,10.090909090909092,33.0
7b8842c3,,,1.0,3.25
fc8e4de4,11.064516129032258,27.636363636363637,10.588235294117647,25.864864864864863
6d707ac3,1.5,2.6,1.5,2.6
ac3ba541,20.735294117647058,46.970588235294116,20.485714285714284,45.27777777777778
f5ad7abc,7.0,23.35,7.105263157894737,23.047619047619047
ebd6f819,10.8,30.75,10.8,30.75
3f1cf5ba,4.588235294117647,20.63157894736842,4.5,20.3
4442c376,9.666666666666666,23.181818181818183,9.666666666666666,23.181818181818183
3c8f474a,7.238095238095238,14.409090909090908,7.045454545454546,14.391304347826088
83846d0c,31.0,59.26086956521739,30.0,57.5
001f3379,1.6,5.857142857142857,1.6,5.857142857142857
948e1435,4.133333333333334,12.842105263157896,4.133333333333334,12.842105263157896
bd4ccd4c,11.444444444444445,21.0,9.727272727272727,16.666666666666668
5ee595e8,11.875,40.291666666666664,11.875,38.88
b9c085ab,12.380952380952381,34.90909090909091,11.909090909090908,33.65217391304348
2bac0893,10.416666666666666,23.0,10.416666666666666,21.533333333333335
5ddbac80,,,,4.857142857142857
e4762a2b,22.0,37.0,14.333333333333334,29.333333333333332
2f154763,4.0,25.0,3.5,21.5
0983654b,14.25,26.0,11.8,12.88888888888889
f6d879aa,4.388888888888889,17.333333333333332,4.388888888888889,16.727272727272727
c5cfaeae,13.4,41.05,13.4,39.142857142857146
a9b84b96,8.6,29.0,8.571428571428571,29.454545454545453
cd703872,4.857142857142857,14.444444444444445,4.857142857142857,13.9
898096eb,19.866666666666667,43.32258064516129,19.806451612903224,41.63636363636363
14391970,11.6,25.0,9.4,19.555555555555557
677038b5,4.923076923076923,14.052631578947368,4.8125,11.884615384615385
ea544af3,1.5,3.5,1.5,3.466666666666667
ec6b57b4,12.5,25.8,8.833333333333334,19.571428571428573
69b65679,,,,4.0
e4d396d7,16.565217391304348,32.78260869565217,16.565217391304348,32.78260869565217
eb93a46a,11.411764705882353,24.181818181818183,12.052631578947368,23.576923076923077
9eb283e4,,,,2.25
aa1700c7,3.857142857142857,13.857142857142858,3.6666666666666665,13.333333333333334
154d1191,13.1,37.2,12.909090909090908,35.54545454545455
04afb6f9,1.8888888888888888,12.954545454545455,1.8888888888888888,12.521739130434783
6197a2ce,11.375,26.210526315789473,11.375,25.0
b41cee02,,2.0,,2.0
24398aed,,,,
f3020788,2.0,13.0,1.75,12.785714285714286
a922ef3f,2.6666666666666665,9.11111111111111,2.7142857142857144,9.2
ce6eeadf,1.8181818181818181,10.692307692307692,1.6923076923076923,8.722222222222221
8078b7de,11.2,28.59090909090909,10.714285714285714,27.565217391304348
7e46b693,1.5,8.0,1.5,8.0
4d61a44e,7.96,19.333333333333332,7.96,17.8
e0283d3d,7.2105263157894735,32.904761904761905,7.2105263157894735,32.72727272727273
c5462e87,7.0,7.285714285714286,7.0,7.285714285714286
f44f1227,8.0,15.11111111111111,8.0,15.11111111111111
5ef3d64e,2.526315789473684,12.523809523809524,2.5,11.869565217391305
fdf4691f,15.521739130434783,32.78260869565217,15.521739130434783,32.78260869565217
83eda373,10.0,14.0,10.0,14.0
0f6b71c4,3.2,10.8,2.8333333333333335,9.333333333333334
5264bb0e,3.8,5.833333333333333,3.8,5.833333333333333
8e59a69a,4.230769230769231,12.777777777777779,4.0,12.368421052631579
0d279d77,9.416666666666666,32.916666666666664,8.76923076923077,31.53846153846154
db3b1dd1,19.333333333333332,32.5,18.636363636363637,31.73913043478261
af485add,12.88888888888889,25.473684210526315,12.421052631578947,24.8
7c21ad67,8.727272727272727,24.347826086956523,8.727272727272727,23.541666666666668
4307d287,2.0,11.88888888888889,1.8,10.5
7265f1e5,15.0,32.833333333333336,15.0,32.833333333333336
cba39753,4.3,14.956521739130435,4.3,14.458333333333334
75ad73ee,18.333333333333332,32.125,18.333333333333332,32.125
ac1ad4a7,4.944444444444445,23.210526315789473,4.7368421052631575,22.55
c1373df0,9.4,25.454545454545453,9.142857142857142,24.869565217391305
8376acc5,9.571428571428571,25.285714285714285,8.454545454545455,17.2
481a1861,6.166666666666667,16.142857142857142,6.166666666666667,15.125
e0869709,,,9.333333333333334,18.333333333333332
0eddd8e5,20.105263157894736,40.7,18.666666666666668,38.0
dc33dcef,8.090909090909092,20.75,8.090909090909092,20.75
745e6065,4.0,15.666666666666666,3.6666666666666665,15.0
58dfccdb,26.5625,53.0,25.441176470588236,50.8235294117647
bf31e0a7,15.05,32.82608695652174,14.523809523809524,32.291666666666664
1eda934b,3.1875,11.32,3.0588235294117645,10.607142857142858
f35b607c,7.0,19.565217391304348,7.0,19.565217391304348
de91310c,,,,
063b16fc,9.0,13.285714285714286,8.666666666666666,13.318181818181818
a40c8316,4.875,9.153846153846153,4.875,8.857142857142858
03a9019b,11.304347826086957,28.869565217391305,11.041666666666666,28.166666666666668
58ada72e,26.0,18.0,13.5,15.2
9d0670dd,21.75,50.5,18.27777777777778,38.75
b95aad8d,1.0,3.8181818181818183,1.3333333333333333,3.75
75b0446f,8.923076923076923,21.5625,8.923076923076923,20.58823529411765
02cebf33,10.333333333333334,17.0,10.333333333333334,16.375
6b773506,4.076923076923077,9.818181818181818,4.076923076923077,9.434782608695652
43f44f6c,3.4615384615384617,12.31578947368421,3.4615384615384617,12.1
15dbc929,18.545454545454547,40.09090909090909,18.545454545454547,40.09090909090909
ab36aa48,,,3.6666666666666665,5.333333333333333
a774c63b,13.966666666666667,25.864864864864863,13.935483870967742,25.333333333333332
63fc9770,1.5,7.4,1.5,7.0625
ae712150,2.8333333333333335,25.428571428571427,2.65,24.4
5c2c136d,18.857142857142858,44.42857142857143,12.909090909090908,27.923076923076923
a1942b0b,14.571428571428571,38.392857142857146,14.724137931034482,38.48275862068966
15f217a6,6.827586206896552,20.096774193548388,6.633333333333334,19.625
29c54890,5.0476190476190474,13.958333333333334,5.0476190476190474,13.48
7a6d26a2,3.4166666666666665,10.0,3.4166666666666665,10.0
1fed3943,12.208333333333334,25.291666666666668,11.76,24.36
2a9e0dee,8.944444444444445,24.57894736842105,8.944444444444445,23.55
f8bf4a1c,4.571428571428571,11.391304347826088,4.571428571428571,11.291666666666666
806d877f,17.4,38.63333333333333,17.25,37.875
e28c0bfa,6.5,13.588235294117647,6.5,13.588235294117647
24ab10c6,20.42105263157895,51.421052631578945,20.15,51.05
1d78b3c3,19.8,39.285714285714285,19.8,39.285714285714285
0745c390,10.0,17.5,5.714285714285714,8.333333333333334
99b15811,9.8,27.333333333333332,9.523809523809524,26.727272727272727
bea525dc,2.3,10.473684210526315,2.727272727272727,10.55
08577722,13.0,21.333333333333332,13.0,21.333333333333332
e4614ec6,11.705882352941176,37.05882352941177,11.166666666666666,35.333333333333336
e1e02e28,14.25,32.0,14.2,25.5
c8270746,11.083333333333334,23.0,11.083333333333334,21.692307692307693
2496c491,8.6875,17.956521739130434,8.6875,17.956521739130434
4b0f961e,15.41025641025641,25.523809523809526,14.883720930232558,23.3265306122449
0d4fa8f4,13.384615384615385,31.321428571428573,12.962962962962964,27.8125
92622443,8.7,22.90909090909091,8.7,22.0
d6cca65e,3.1666666666666665,12.636363636363637,3.210526315789474,12.391304347826088
e4e58096,3.25,7.611111111111111,3.25,7.611111111111111
419d05c6,1.0,9.0,1.0,9.0
11f9b26c,12.833333333333334,45.111111111111114,12.833333333333334,45.111111111111114
7bdbf66f,12.0,23.0,4.0,6.2
6d5944a9,5.352941176470588,16.55,5.333333333333333,16.047619047619047
5f78f7b9,,,,1.0
f75c957f,14.75,33.75,11.571428571428571,15.461538461538462
2a3fcf9a,11.88,25.142857142857142,11.846153846153847,23.387096774193548
df98fbb4,3.4444444444444446,12.0,3.4444444444444446,11.444444444444445
678598dd,9.666666666666666,30.5,9.714285714285714,23.833333333333332
efa35d35,,,,1.0
06eb8adb,7.709677419354839,22.61764705882353,7.709677419354839,21.47222222222222
a614af1b,3.923076923076923,14.375,3.7857142857142856,13.166666666666666
cd8f3c61,19.272727272727273,36.45454545454545,14.733333333333333,26.25
331733c7,4.294117647058823,9.238095238095237,4.222222222222222,9.090909090909092
416b6ba2,12.61111111111111,29.894736842105264,12.105263157894736,28.7
cbcf8cf2,1.9285714285714286,8.428571428571429,1.9285714285714286,8.090909090909092
04f094a8,15.631578947368421,26.818181818181817,15.631578947368421,26.818181818181817
0e3b0bd2,,,,2.0
48df987b,15.136363636363637,35.95454545454545,15.136363636363637,35.95454545454545
a00c85e7,1.0,3.5454545454545454,1.0,3.5454545454545454
0ec403df,,2.3333333333333335,,2.25
d05f5d71,2.888888888888889,5.05,2.888888888888889,4.857142857142857
9e027e04,1.0,3.8,1.5,3.6666666666666665
b9cf3f7c,3.0,9.478260869565217,3.0,9.478260869565217
34ec5de4,2.5,9.25,2.5,9.25
659fec57,1.8181818181818181,6.529411764705882,1.8181818181818181,6.529411764705882
f6c20447,12.347826086956522,35.91304347826087,12.076923076923077,29.966666666666665
a6969e1a,5.761904761904762,17.857142857142858,5.681818181818182,17.727272727272727
7800a084,6.583333333333333,25.68,6.36,24.884615384615383
b802aec3,,,2.0,4.0
43629a34,16.25,30.5,15.11111111111111,25.9
a08ebf6e,22.956521739130434,37.91304347826087,21.807692307692307,36.5
22e44415,,,,7.0
3950aa00,14.642857142857142,23.529411764705884,14.6,23.333333333333332
a4e0447e,8.285714285714286,24.444444444444443,8.5,23.8
836b4de3,9.863636363636363,25.91304347826087,9.863636363636363,25.91304347826087
d77ac332,1.0,1.0,1.0,1.0
764d8b42,13.6,31.136363636363637,13.285714285714286,30.52173913043478
3d736110,1.6666666666666667,9.363636363636363,1.6666666666666667,9.363636363636363
ca3204b0,1.0,5.0,2.5384615384615383,8.484848484848484
108b8659,15.347826086956522,34.17391304347826,15.347826086956522,34.17391304347826
c73dd2e4,,,2.5,5.5
064e8da5,10.285714285714286,25.133333333333333,10.285714285714286,24.35483870967742
6f49c8d0,,,1.0,2.8
c6da0d4b,19.0,43.0,7.818181818181818,15.692307692307692
3d48430d,7.888888888888889,26.3,6.818181818181818,17.875
c8cc2e1b,5.25,8.25,5.25,8.25
e8e82627,16.8,32.36363636363637,16.8,32.36363636363637
72c9c38d,9.095238095238095,20.772727272727273,9.227272727272727,21.130434782608695
51f38b37,,,2.6,5.25
79bd36b6,,1.3333333333333333,,1.25
0c4eabac,20.75,35.5,17.727272727272727,21.0
1606f203,13.238095238095237,32.714285714285715,13.238095238095237,31.681818181818183
bd8397cb,20.5,51.25,20.2,36.714285714285715
93fda84a,10.8,37.08571428571429,10.694444444444445,35.729729729729726
4d19854c,7.25,14.0,6.0,13.6
9e4385f7,9.31578947368421,14.565217391304348,9.31578947368421,14.565217391304348
9cee3c19,14.666666666666666,30.428571428571427,12.576923076923077,24.571428571428573
a8d9de72,11.19047619047619,19.0,11.19047619047619,19.0
a5099438,2.5,12.4,3.0,12.666666666666666
ebf2b0c9,5.285714285714286,17.941176470588236,5.285714285714286,17.166666666666668
440acf4f,11.291666666666666,24.464285714285715,10.857142857142858,23.205882352941178
f11e17c0,5.3076923076923075,21.8125,5.3076923076923075,20.941176470588236
5e359a08,,,,1.0
86a8e0d6,6.705882352941177,19.80952380952381,6.705882352941177,19.136363636363637
9aa1a2ae,,1.0,2.0,3.0
fe9c71d8,12.8125,32.68421052631579,12.8125,32.68421052631579
92293b06,3.1818181818181817,6.55,3.1666666666666665,6.476190476190476
3fcef947,18.93103448275862,42.793103448275865,18.4,40.516129032258064
f869d220,3.6,9.133333333333333,3.6,8.8125
00115b9f,9.0,9.666666666666666,3.8,6.454545454545454
bba6ff20,,,,
a3391798,5.142857142857143,21.695652173913043,5.142857142857143,21.0
0d570d3e,,,,
55f9338e,6.5,19.869565217391305,6.3478260869565215,19.458333333333332
f1bd0f59,5.083333333333333,13.307692307692308,4.8,11.222222222222221
fb04f7dd,13.625,30.88888888888889,13.11111111111111,29.5
52e9e467,17.75,34.75,17.75,34.75
d2d9b474,7.294117647058823,18.166666666666668,7.294117647058823,18.166666666666668
a65b2226,7.428571428571429,21.304347826086957,7.428571428571429,20.541666666666668
24a3b16d,4.333333333333333,12.818181818181818,4.333333333333333,12.818181818181818
0cbe4e54,10.166666666666666,22.238095238095237,9.842105263157896,21.818181818181817
50707f1e,17.181818181818183,43.18181818181818,16.735294117647058,42.05882352941177
e4ab3b12,21.952380952380953,38.27272727272727,21.952380952380953,38.27272727272727
7f26f78c,,,,1.75
35198c2d,1.0,4.0,1.0,4.153846153846154
23e71e7c,1.0,1.0,1.0,6.5
f584742f,3.272727272727273,6.875,3.5833333333333335,7.529411764705882
6c0fe935,7.5,9.071428571428571,7.5,9.071428571428571
5ea2c305,5.5,5.0,5.5,5.0
14b3d6e5,13.310344827586206,26.5,13.0,25.441176470588236
76781cd8,11.75,25.714285714285715,11.692307692307692,24.0
d661ddf7,1.6,7.526315789473684,1.6,7.55
3acb5be3,11.4,23.0,9.666666666666666,20.833333333333332
4177e5e5,1.875,7.7894736842105265,1.7777777777777777,6.583333333333333
8f2d131f,13.857142857142858,29.666666666666668,13.857142857142858,28.454545454545453
14a6e58e,13.272727272727273,24.53846153846154,13.25,23.266666666666666
8823b020,3.235294117647059,13.045454545454545,3.0526315789473686,12.375
4280076d,5.304347826086956,21.541666666666668,5.375,21.36
05db1b9b,13.0,25.764705882352942,13.0,24.61111111111111
a4f13c0d,15.733333333333333,32.3125,15.0,31.058823529411764
4b3c7594,25.80952380952381,60.904761904761905,24.863636363636363,58.90909090909091
93c93585,9.571428571428571,18.103448275862068,9.5,17.0625
2cd9b5a3,3.3636363636363638,7.7894736842105265,3.1666666666666665,7.75
bbe5bedd,3.857142857142857,16.125,3.857142857142857,16.125
9e052412,14.91304347826087,35.26086956521739,14.91304347826087,33.916666666666664
3216b978,8.571428571428571,12.214285714285714,8.571428571428571,12.214285714285714
b074f33b,23.555555555555557,45.5,22.821428571428573,40.84375
579e50bd,8.142857142857142,19.5,8.375,19.333333333333332
9540fa8e,37.391304347826086,65.6086956521739,35.958333333333336,63.291666666666664
2cda86bd,2.5,5.0,2.5,5.0
f47abc42,6.7894736842105265,16.2,6.55,14.821428571428571
c2b40d6f,5.5,6.2,6.333333333333333,6.833333333333333
6c737069,18.681818181818183,41.18181818181818,15.962962962962964,32.666666666666664
c9902f48,,,,3.0
47240aa3,17.047619047619047,38.27272727272727,17.047619047619047,38.27272727272727
5f9dddb4,11.0,20.0,8.0,15.5
6774ba64,7.5625,32.875,7.5625,32.875
325afd3d,2.6666666666666665,8.870967741935484,2.6666666666666665,8.515151515151516
84875079,9.55,20.454545454545453,9.238095238095237,20.130434782608695
1f2164a4,10.166666666666666,30.416666666666668,9.88,29.56
c73f149c,9.0,24.166666666666668,7.857142857142857,19.0
53905a2c,5.714285714285714,17.303030303030305,5.766666666666667,17.02857142857143
1eedf45e,19.142857142857142,38.857142857142854,18.75,38.625
3ba48ca7,16.0,35.5,12.4,28.8
c38a5c9b,8.210526315789474,18.736842105263158,7.85,18.35
7c194077,10.0,17.22222222222222,10.0,16.473684210526315
c09d41cd,3.7857142857142856,10.806451612903226,3.6,9.567567567567568
f1049268,3.3333333333333335,10.423076923076923,3.3333333333333335,9.928571428571429
aaefeff0,,,,3.0
63d4ab9a,5.476190476190476,20.59090909090909,5.476190476190476,19.91304347826087
432aff11,4.842105263157895,21.818181818181817,4.842105263157895,21.818181818181817
40087bc5,9.142857142857142,24.285714285714285,9.142857142857142,17.5
067b9287,4.5,13.333333333333334,3.8,11.818181818181818
abaf745c,10.5,18.0,10.5,18.0
f6c0e2b7,11.0,28.666666666666668,11.0,24.857142857142858
055156e2,,,1.0,1.0
9052579b,11.272727272727273,31.727272727272727,11.26086956521739,31.304347826086957
119e181e,8.2,21.869565217391305,8.142857142857142,21.75
4a17b463,6.380952380952381,22.26086956521739,6.380952380952381,22.26086956521739
3c0aba64,1.25,8.61111111111111,1.25,8.210526315789474
9f70688f,5.0,16.571428571428573,5.0,15.863636363636363
23567787,10.0,8.0,10.0,8.0
380029ef,16.666666666666668,44.111111111111114,14.764705882352942,32.0
f6d6f400,7.4,15.5,5.714285714285714,10.8
613fc399,15.545454545454545,33.81818181818182,15.047619047619047,30.318181818181817
ee21612e,1.3333333333333333,7.625,1.3333333333333333,6.888888888888889
9ddfb9e6,8.6,13.521739130434783,8.3125,13.458333333333334
cadd4ae5,29.363636363636363,50.18181818181818,28.125,48.041666666666664
abac67cc,1.0,3.6666666666666665,1.0,3.5
db38d1f9,9.5,30.833333333333332,9.923076923076923,25.333333333333332
97bb0cc0,9.25,19.375,9.411764705882353,19.647058823529413
d445fb74,6.2,12.347826086956522,6.1875,12.625
4e85505f,4.714285714285714,13.625,4.6,13.235294117647058
f81598bf,7.166666666666667,8.928571428571429,6.285714285714286,8.466666666666667
21a76448,4.954545454545454,13.92,4.954545454545454,13.037037037037036
6a16089d,5.357142857142857,12.55,5.357142857142857,12.047619047619047
1b32427b,,,,1.0
cd39e576,,,2.0,4.5
1e08b1dc,1.0,6.0,1.0,2.2
2fba6cf4,7.666666666666667,23.875,7.666666666666667,23.875
5d885b20,15.333333333333334,36.666666666666664,14.2,18.333333333333332
0c98f822,14.375,23.363636363636363,14.375,21.5
bc6bd8b2,8.071428571428571,29.466666666666665,7.666666666666667,21.904761904761905
101c27f1,16.894736842105264,39.75,16.25,30.814814814814813
ef07f833,4.0,23.0,7.5,13.333333333333334
3983d3cd,5.8,23.4,3.6666666666666665,12.5625
9570bfb7,3.0,11.5,3.0,11.181818181818182
c6ead822,3.4,18.5,3.5,14.666666666666666
43720c15,1.75,10.090909090909092,1.75,9.333333333333334
22f43a12,22.428571428571427,36.18181818181818,21.863636363636363,35.47826086956522
26aeacdf,20.470588235294116,39.11764705882353,19.555555555555557,36.1578947368421
f0957ca1,10.3125,27.72222222222222,9.277777777777779,22.130434782608695
5b9ff85e,,5.0,,5.0
07048067,1.6666666666666667,10.6,2.4,6.125
c446e1c5,,1.0,,1.0
02cf7384,4.0,16.05263157894737,3.8823529411764706,16.0
ec9195be,7.2105263157894735,16.0,7.2105263157894735,15.375
39fb1ad0,7.083333333333333,14.5,7.083333333333333,14.5
f57de847,19.8,36.23809523809524,18.904761904761905,34.77272727272727
32dcc8ab,7.277777777777778,20.63157894736842,7.277777777777778,20.63157894736842
a5974a7d,6.666666666666667,23.75,6.666666666666667,20.8
a808ad0a,5.166666666666667,15.285714285714286,5.428571428571429,15.375
913bea9f,,1.25,1.0,3.8
c96b9609,14.428571428571429,36.07142857142857,14.466666666666667,36.46666666666667
685cc0f1,1.8461538461538463,9.05,1.7857142857142858,8.714285714285714
65fe69c0,,1.0,,1.0
aae9800e,5.545454545454546,10.681818181818182,5.545454545454546,10.681818181818182
f32a9580,1.5,3.75,1.5,3.75
994ee014,5.5,7.857142857142857,5.5,7.857142857142857
855c6099,10.166666666666666,22.38888888888889,9.538461538461538,21.63157894736842
5b66b6f2,13.666666666666666,38.44444444444444,13.3,33.27272727272727
f0d76b32,,1.8333333333333333,,2.5714285714285716
b37281d5,21.272727272727273,39.18181818181818,19.583333333333332,36.416666666666664
83711ef5,1.8,11.333333333333334,1.8333333333333333,10.285714285714286
26d541c2,,,,2.4
6699c999,6.566666666666666,21.870967741935484,6.387096774193548,21.515151515151516
6e128c6b,,2.0,,2.0
c6d4b453,27.90909090909091,55.59090909090909,27.347826086956523,54.34782608695652
8e749c85,3.5,10.3125,3.5,10.3125
a49eda7f,35.76190476190476,58.61904761904762,34.81818181818182,57.13636363636363
2cb0db2c,8.476190476190476,22.08695652173913,8.136363636363637,21.25
119d7562,5.48,14.866666666666667,5.3076923076923075,13.848484848484848
13fca10c,7.333333333333333,20.076923076923077,7.0,19.0
f5b2acf0,5.714285714285714,19.772727272727273,5.666666666666667,19.391304347826086
eaab7a96,6.666666666666667,16.263157894736842,6.631578947368421,16.1
10ad8c48,9.307692307692308,16.263157894736842,8.785714285714286,15.75
31648caa,17.61904761904762,52.19047619047619,17.045454545454547,50.68181818181818
b08f0ca4,9.4,27.476190476190474,9.4,26.727272727272727
e892aec6,9.517241379310345,31.93103448275862,9.387096774193548,29.84375
7d8f1716,2.0588235294117645,8.434782608695652,2.0588235294117645,8.291666666666666
0720320e,,,,
2afea280,7.111111111111111,21.61904761904762,6.842105263157895,20.772727272727273
7ce36c38,5.85,11.043478260869565,5.619047619047619,11.166666666666666
ad380962,13.80952380952381,36.27272727272727,13.590909090909092,35.26086956521739
113f5798,,,1.0,5.0
b9e90f7f,9.38888888888889,33.5,9.0,32.05263157894737
a302a015,,1.0,,1.0
2a6a6b92,,2.0,,2.0
7c39c8e5,12.23076923076923,24.357142857142858,10.8,21.875
8abbbc38,19.576923076923077,38.58064516129032,19.0,35.6764705882353
72a0c969,18.9375,39.8125,18.0,38.23529411764706
57f6fa6c,6.0,24.666666666666668,4.142857142857143,19.857142857142858
e072b994,12.235294117647058,26.31578947368421,12.235294117647058,26.31578947368421
c7d9e964,5.666666666666667,25.333333333333332,7.0,17.181818181818183
a95b4487,2.0,8.714285714285714,2.0,8.714285714285714
e63000c5,15.761904761904763,36.36363636363637,15.136363636363637,33.875
b823508b,,5.333333333333333,,4.5
ea7277b4,9.95,24.523809523809526,9.95,23.454545454545453
9061cc9c,8.863636363636363,24.82608695652174,9.130434782608695,24.44
60c1ff37,28.75,45.916666666666664,27.923076923076923,44.76923076923077
9105b812,2.0,10.0,2.0,7.75
260f542b,3.782608695652174,11.529411764705882,3.8461538461538463,11.078947368421053
3ca35642,2.625,10.958333333333334,2.625,10.958333333333334
bfb421f9,14.0,9.5,14.0,9.5
75b53bd4,,1.0,,1.0
95cc96cc,7.684210526315789,21.391304347826086,7.35,20.708333333333332
6795027a,5.25,15.833333333333334,5.25,15.833333333333334
5f7537cf,5.090909090909091,24.043478260869566,4.913043478260869,23.791666666666668
338146bd,14.3,29.8,13.136363636363637,26.52173913043478
2da6bf6e,22.26086956521739,39.91304347826087,22.26086956521739,39.91304347826087
1f7bd44c,7.0,13.0,6.5,12.1
ea7adcd6,2.0,2.9545454545454546,2.0,3.0869565217391304
4940a214,1.0,2.6,1.0,2.6
86bd716a,6.166666666666667,14.714285714285714,5.428571428571429,14.375
95d57ff9,10.0,28.0,5.5,8.5
85d99199,1.75,3.3043478260869565,1.75,3.2916666666666665
857baaa6,3.6666666666666665,10.823529411764707,3.625,11.055555555555555
ab54c39e,,,,2.6666666666666665
27d7e5e4,13.285714285714286,30.571428571428573,12.125,28.125
a814e825,19.0,39.0,8.933333333333334,14.12
8ec2cc63,8.333333333333334,21.666666666666668,6.8,18.0
8148c785,,2.0,,5.5
9ce139d3,8.142857142857142,26.24137931034483,7.666666666666667,24.15625
bbd71a7c,,1.0,,1.0
c3adae87,4.833333333333333,9.5,4.833333333333333,8.272727272727273
fdea7d9e,4.133333333333334,15.2,3.9375,13.210526315789474
0b4014f0,9.444444444444445,28.0,9.444444444444445,28.0
2ac0bd9f,6.384615384615385,18.733333333333334,5.947368421052632,16.52173913043478
56d9dead,16.875,45.208333333333336,16.03846153846154,42.96153846153846
d6776176,11.454545454545455,45.27272727272727,11.454545454545455,45.27272727272727
ce379a6a,5.461538461538462,11.090909090909092,5.461538461538462,10.782608695652174
6a864b11,4.105263157894737,13.304347826086957,4.105263157894737,13.304347826086957
f8674e15,7.0,23.90909090909091,6.636363636363637,21.53846153846154
fa3e1e21,13.25,31.2,7.1,16.25
812f6873,30.625,51.6875,29.176470588235293,49.1764705882353
c3a3f61e,22.11764705882353,43.64705882352941,21.666666666666668,43.333333333333336
3d36fe8b,,,,
ab2ad965,22.63157894736842,47.68421052631579,22.6,45.04761904761905
c9879365,15.166666666666666,32.92307692307692,15.76923076923077,33.785714285714285
f6cc80a9,,,,1.0
fb3c2c87,9.857142857142858,27.782608695652176,9.863636363636363,27.375
80b46ffb,2.5,9.5,2.3333333333333335,8.666666666666666
53814642,,4.0,,3.0
71852781,8.5,18.5,9.0,17.666666666666668
2fef897e,11.0,28.52173913043478,10.857142857142858,28.125
563ebc00,8.357142857142858,18.294117647058822,8.357142857142858,17.38888888888889
6187d0dc,3.4285714285714284,11.416666666666666,3.4285714285714284,11.416666666666666
37bcfa7e,23.0,19.0,12.5,14.333333333333334
35d2aa41,1.8888888888888888,4.666666666666667,1.8888888888888888,4.5
de742c5c,3.0,7.4,3.0,7.181818181818182
33d60f7d,,,1.0,2.0
436dd613,10.227272727272727,34.63636363636363,9.826086956521738,33.30434782608695
3e5ee48c,3.3333333333333335,10.470588235294118,3.3333333333333335,10.470588235294118
cf1b9d44,6.666666666666667,23.357142857142858,6.176470588235294,19.1
34362a9a,12.38888888888889,22.57894736842105,12.38888888888889,22.57894736842105
db23fbe4,15.6,26.4,15.6,24.875
860f4f9c,2.2222222222222223,8.846153846153847,2.3,8.066666666666666
8875387b,1.5,5.9375,1.5,5.9375
137baaec,1.0,2.3333333333333335,2.0,4.75
2f8ec752,3.727272727272727,9.157894736842104,3.875,8.68
62cd5c74,4.454545454545454,12.583333333333334,4.454545454545454,11.76923076923077
5f37ceb1,6.05,16.61904761904762,5.809523809523809,16.0
f4114031,23.136363636363637,34.40909090909091,23.136363636363637,34.40909090909091
8f015125,7.9,17.214285714285715,7.9,17.214285714285715
e88aa867,2.0,6.2,2.0,6.2
bc4eaf77,,3.5,2.0,4.0
384c3f27,8.368421052631579,22.416666666666668,8.368421052631579,21.72
6ac5763a,5.181818181818182,10.866666666666667,5.181818181818182,10.866666666666667
2c406043,10.5,27.75,6.833333333333333,15.5625
70de1c63,8.25925925925926,12.242424242424242,8.0,12.0
c38585c5,2.0,8.363636363636363,2.0,8.363636363636363
e23a8a0a,7.947368421052632,21.73913043478261,7.947368421052632,21.125
38d53b92,13.7,21.85,13.7,20.857142857142858
e5349ce2,11.137931034482758,33.1,10.9,30.939393939393938
5124169c,,,,8.0
d74e4d7c,2.7857142857142856,9.3,2.7857142857142856,9.142857142857142
c45068a1,1.5,3.1,1.5,3.0
c6cc7467,7.071428571428571,21.176470588235293,6.666666666666667,20.88888888888889
a8c1aab5,37.54545454545455,63.63636363636363,36.08571428571429,55.256410256410255
ecd25dd1,3.857142857142857,16.05,3.7333333333333334,15.476190476190476
4b71830a,20.38095238095238,28.272727272727273,19.5,27.304347826086957
1fc07a80,28.80952380952381,56.333333333333336,27.59090909090909,54.09090909090909
0b7d9da6,14.727272727272727,31.458333333333332,12.555555555555555,27.620689655172413
e1ea8dd7,,,,
f62b317d,3.0,5.4,2.3333333333333335,5.166666666666667
a221c60c,5.769230769230769,11.933333333333334,5.642857142857143,11.6875
4cabd7aa,7.888888888888889,17.09090909090909,6.904761904761905,14.961538461538462
2a88cbe9,11.814814814814815,53.22222222222222,11.535714285714286,52.17857142857143
f4d2f5af,5.0476190476190474,15.409090909090908,4.909090909090909,14.869565217391305
9130a22e,5.5,14.772727272727273,5.333333333333333,14.521739130434783
b08423c5,7.333333333333333,19.52,7.333333333333333,18.807692307692307
b452f767,,,7.0,10.0
c0442863,2.625,5.705882352941177,2.625,5.705882352941177
9c1ea003,11.0,29.19047619047619,11.0,27.954545454545453
c0a7d046,3.3529411764705883,11.19047619047619,3.3529411764705883,10.772727272727273
a28c7891,28.428571428571427,52.61904761904762,27.227272727272727,50.54545454545455
e4b47411,13.416666666666666,22.833333333333332,12.461538461538462,21.53846153846154
1649ce22,7.52,27.36,7.3076923076923075,25.814814814814813
082df556,10.375,24.875,9.333333333333334,22.333333333333332
be210bc7,,,1.0,2.0
51364c23,15.153846153846153,26.714285714285715,15.153846153846153,26.714285714285715
64ed48c4,,2.0,,2.0
621066ff,21.2,38.76190476190476,19.333333333333332,32.925925925925924
0ed2a3c8,34.666666666666664,48.15384615384615,32.53846153846154,45.5
f2d4efd8,3.1818181818181817,10.916666666666666,3.0833333333333335,9.4375
b712b69b,15.375,49.541666666666664,14.0,43.92857142857143
89739b1a,9.066666666666666,24.0,8.75,23.941176470588236
4a62661a,1.0,7.0,1.0,4.0
04d06a9c,16.25,32.791666666666664,14.666666666666666,28.137931034482758
da09ed4b,4.333333333333333,13.333333333333334,3.2,7.866666666666666
2f1af08a,16.5,33.80952380952381,16.5,32.40909090909091
f6b719ee,12.722222222222221,30.555555555555557,10.62962962962963,24.142857142857142
28e973b1,12.571428571428571,25.90909090909091,12.571428571428571,25.90909090909091
6fb28c2a,7.0,11.333333333333334,5.0,13.5
d57f6c9e,6.5,19.0,5.333333333333333,15.666666666666666
05bbed1b,18.333333333333332,19.8,13.2,18.428571428571427
7fa51811,4.125,7.846153846153846,4.125,7.857142857142857
dcfcd574,3.888888888888889,13.25,3.888888888888889,13.25
a6fbb2e7,4.0,11.076923076923077,4.0,10.428571428571429
54391716,5.857142857142857,9.666666666666666,5.857142857142857,9.666666666666666
1a803bfe,,2.0,,1.5
3b1b9538,7.0,32.0,5.5,19.5
c4c2076b,12.923076923076923,31.0,12.214285714285714,29.357142857142858
2f16cad4,19.727272727272727,37.36363636363637,18.458333333333332,35.083333333333336
b2987a65,6.294117647058823,19.80952380952381,6.294117647058823,19.045454545454547
2a922ca4,10.590909090909092,27.956521739130434,10.217391304347826,27.416666666666668
5f1b07e1,2.3333333333333335,4.357142857142857,3.0,4.75
2c54d6c5,6.7,17.833333333333332,6.909090909090909,18.615384615384617
ef58dd3c,1.0,5.0,1.0,5.0
d4d9f7f9,3.25,12.222222222222221,3.25,11.68421052631579
a1ab89aa,1.0,3.3333333333333335,2.0,5.75
f285b43c,,,,
e3f71f7a,1.6666666666666667,4.6,1.6666666666666667,4.428571428571429
d791703f,,,2.5,9.0
1470a1df,7.7272727272727275,21.304347826086957,7.7272727272727275,20.458333333333332
1301f65d,10.05,19.954545454545453,9.714285714285714,19.391304347826086
012e3869,9.333333333333334,11.166666666666666,7.25,10.571428571428571
5cd83147,11.291666666666666,30.458333333333332,10.92,30.08
9f3ca269,3.375,7.416666666666667,3.2222222222222223,7.214285714285714
c308b134,6.777777777777778,16.8,6.777777777777778,15.545454545454545
5af79adb,1.375,4.769230769230769,1.375,4.785714285714286
9a5aed6c,10.454545454545455,25.217391304347824,10.043478260869565,24.458333333333332
c00c663c,8.0,20.4,8.0,15.428571428571429
fe3cbf02,,,1.0,7.0
863e40c7,6.277777777777778,17.4,5.9,15.91304347826087
5985f299,4.368421052631579,15.91304347826087,4.368421052631579,15.91304347826087
adba23f0,12.166666666666666,23.5,11.538461538461538,22.2
2c3b09db,21.875,35.375,21.11111111111111,33.77777777777778
e8b64419,10.631578947368421,28.05,10.15,27.0
2ee0a1e8,4.2,18.666666666666668,4.4,13.615384615384615
c274a243,4.75,17.75,4.75,14.6
233b9425,6.875,23.42105263157895,6.764705882352941,23.05
15227eef,7.6,7.85,7.6,7.9523809523809526
fad07fce,1.75,5.625,1.75,5.333333333333333
e37d000b,16.4,38.2,16.142857142857142,37.714285714285715
4dfb4e1d,7.333333333333333,14.0,6.0,13.75
54fef303,3.1818181818181817,8.545454545454545,3.1666666666666665,8.391304347826088
e0655da2,15.956521739130435,34.65217391304348,14.481481481481481,30.071428571428573
f09e7b33,5.2,10.4375,5.2,10.4375
93559639,20.333333333333332,33.0,18.75,31.2
8f753551,5.428571428571429,17.375,4.3,11.066666666666666
04bb1a76,,2.0,,1.5
e7401605,10.157894736842104,25.75,10.2,25.38095238095238
9a7e4c38,10.882352941176471,32.8235294117647,9.25,27.0
2b34dcf3,12.3125,27.0,12.3125,27.0
d28f0d44,13.8,29.59090909090909,12.954545454545455,28.041666666666668
2c2dc20d,34.0,37.333333333333336,19.666666666666668,18.09090909090909
464a75fb,4.615384615384615,5.833333333333333,5.5625,6.517241379310345
8e80deb7,3.3125,11.818181818181818,3.3125,11.347826086956522
6e85a624,,,2.0,6.0
6282e693,14.384615384615385,37.38461538461539,11.764705882352942,27.31578947368421
5c22f241,20.0,34.0,20.0,34.0
bdcc7d10,,,,2.125
7187caec,5.625,14.368421052631579,5.625,14.368421052631579
a148b46f,2.857142857142857,16.05,2.8666666666666667,15.476190476190476
7015528d,5.0,22.0,5.666666666666667,20.0
9ddb06db,,,,9.0
ee67eb55,8.476190476190476,26.863636363636363,8.590909090909092,26.608695652173914
6fcdcb2a,11.8,20.533333333333335,11.125,19.9375
ad0bbf35,6.333333333333333,17.6,6.052631578947368,16.40909090909091
edb9d0f3,14.9,34.0,13.636363636363637,31.363636363636363
4926b18a,8.0,20.0,8.0,20.0
427037b2,14.0,33.54545454545455,12.916666666666666,31.25
fc49ba65,24.652173913043477,42.608695652173914,24.652173913043477,42.608695652173914
0b7d7aec,,,,
e754411f,11.588235294117647,17.05,11.588235294117647,16.333333333333332
b23b9220,2.0,10.285714285714286,1.7142857142857142,7.7272727272727275
81feecad,6.875,7.857142857142857,6.875,7.857142857142857
a7b9546a,15.619047619047619,32.42857142857143,15.0,31.181818181818183
0668373f,27.647058823529413,48.88235294117647,26.38888888888889,46.77777777777778
b69bf1f7,7.724137931034483,19.866666666666667,7.724137931034483,19.866666666666667
49e4eade,16.227272727272727,35.18181818181818,16.227272727272727,35.18181818181818
9dc74359,5.3,17.8,5.0,14.0
8a6b6912,4.25,9.5,3.4285714285714284,8.083333333333334
949f94e5,10.11111111111111,32.55555555555556,9.821428571428571,30.75862068965517
3268c574,,3.0,,3.0
732b2327,10.826086956521738,26.153846153846153,10.625,25.962962962962962
0d4800c8,8.35,25.904761904761905,8.0,25.0
d859115e,16.5,32.166666666666664,16.428571428571427,31.142857142857142
e1958a83,8.0,21.5,6.0,12.25
b308c03e,13.11111111111111,26.2,13.11111111111111,23.90909090909091
f74eda33,8.466666666666667,21.11764705882353,8.466666666666667,20.27777777777778
db746de0,10.083333333333334,32.166666666666664,9.538461538461538,31.46153846153846
4859a9f9,19.79310344827586,40.310344827586206,19.79310344827586,35.666666666666664
31f01671,10.782608695652174,27.869565217391305,10.04,23.821428571428573
372a7950,4.4,8.5,3.8333333333333335,8.222222222222221
ffed1dd5,10.714285714285714,18.9,10.0,18.454545454545453
526f719b,18.285714285714285,50.25,17.666666666666668,48.56666666666667
da5a8921,25.625,50.3125,25.58823529411765,49.294117647058826
c3061b23,5.615384615384615,15.764705882352942,5.357142857142857,15.166666666666666
8a44ea3a,12.647058823529411,27.941176470588236,12.647058823529411,27.941176470588236
dacc2f83,6.571428571428571,22.0,6.0625,18.789473684210527
71850348,13.74074074074074,31.0,13.678571428571429,29.9
9402b885,14.7,29.863636363636363,14.285714285714286,29.043478260869566
3065aa2f,7.4,17.38095238095238,7.4,17.38095238095238
7a0136e0,,,2.0,9.0
d9c82502,11.55,30.15,11.55,30.15
218faf6f,8.96,27.555555555555557,8.923076923076923,26.137931034482758
0c4e2d68,9.454545454545455,29.695652173913043,9.8,22.676470588235293
50b2b84b,6.666666666666667,13.0,3.0833333333333335,8.681818181818182
25eba023,3.0,14.0,3.0,14.0
c0f2a046,13.454545454545455,28.09090909090909,13.0,27.26086956521739
f64ae747,16.875,37.0625,16.294117647058822,35.8235294117647
7860b64c,16.5,27.285714285714285,16.5,26.181818181818183
d87e2d01,,,5.0,3.1666666666666665
0417c91e,5.92,18.166666666666668,5.8076923076923075,17.09090909090909
a8926a86,,,,1.0
12380b06,3.8666666666666667,11.333333333333334,3.8666666666666667,11.333333333333334
f015a18c,7.0,9.0,7.0,8.0
68fa4631,4.466666666666667,14.055555555555555,4.466666666666667,13.368421052631579
06c8b2fb,16.166666666666668,42.458333333333336,15.423076923076923,37.75
36530d36,16.904761904761905,36.57142857142857,15.521739130434783,32.458333333333336
e0ad6550,4.833333333333333,11.55,4.833333333333333,11.55
a5078c62,16.0,16.5,16.0,16.5
9271574b,3.142857142857143,6.166666666666667,2.875,5.947368421052632
1b6fb363,,,,
2c483245,13.848484848484848,33.94117647058823,13.228571428571428,32.611111111111114
df556fd2,2.8,12.619047619047619,2.75,12.136363636363637
fb9c5a33,15.285714285714286,35.51724137931034,15.285714285714286,35.51724137931034
f93010a8,17.52173913043478,41.869565217391305,17.52173913043478,38.76
e1a4575f,18.227272727272727,39.54545454545455,18.227272727272727,39.54545454545455
e76ad778,2.4285714285714284,12.055555555555555,2.4285714285714284,11.45
82ec9747,8.25,23.47826086956522,8.25,23.47826086956522
22375702,,1.0,1.0,4.391304347826087
85d9c915,7.576923076923077,30.392857142857142,7.172413793103448,27.4375
ab987c75,10.8125,21.6,10.352941176470589,21.047619047619047
3d970ce4,14.75,27.6,14.88888888888889,27.727272727272727
ac66c144,14.0,25.083333333333332,12.555555555555555,23.46153846153846
36c1f189,5.285714285714286,16.5,5.285714285714286,15.0
9027c805,5.448275862068965,21.482758620689655,5.366666666666666,18.0
11be5d2e,4.833333333333333,15.375,4.833333333333333,15.375
ff18b749,14.863636363636363,35.73913043478261,14.863636363636363,35.73913043478261
5d762840,,,,
52ce9b8b,10.333333333333334,31.0,10.411764705882353,29.97142857142857
21eb6d47,1.6666666666666667,6.8,1.6666666666666667,6.5
14568d61,6.0,5.5,6.0,4.333333333333333
adaf7461,12.757575757575758,29.714285714285715,12.38888888888889,28.44736842105263
b9b22bff,,,3.0,10.0
4fd7e043,3.3333333333333335,23.0,5.0,15.545454545454545
b120a337,13.789473684210526,32.1578947368421,14.45,32.85
7fa7ccc4,5.388888888888889,19.318181818181817,5.388888888888889,19.318181818181817
ec8f8f95,22.565217391304348,37.608695652173914,22.565217391304348,37.608695652173914
23dafdab,17.5,37.1,16.818181818181817,35.54545454545455
48e69212,16.954545454545453,38.31818181818182,16.391304347826086,37.30434782608695
6a2fd807,16.470588235294116,19.1,15.0,17.954545454545453
3d3b87db,3.0,6.153846153846154,3.875,7.142857142857143
1f5835cd,7.7368421052631575,29.61904761904762,7.7368421052631575,29.61904761904762
32b8490d,2.7777777777777777,5.916666666666667,2.8,5.769230769230769
3a594acf,5.8,15.5,5.0,12.0
3c620257,25.666666666666668,49.0,24.894736842105264,47.63157894736842
6ac5eaaf,,,,1.0
8d8b8553,11.0,23.823529411764707,11.0,23.823529411764707
0b518637,14.95,29.904761904761905,13.173913043478262,24.76923076923077
9b328d6c,5.0,14.8,5.0,12.833333333333334
9a2082cf,7.6,18.142857142857142,7.6,15.6
4f059221,9.125,27.875,8.333333333333334,24.2
4ca242ea,6.947368421052632,20.952380952380953,6.947368421052632,20.136363636363637
81a4b826,17.944444444444443,38.2972972972973,17.944444444444443,38.2972972972973
897da2c8,25.0,38.666666666666664,17.0,29.666666666666668
40aae75f,9.84,29.033333333333335,9.5,27.5
86335468,22.954545454545453,35.208333333333336,21.28,32.0
5a313293,1.0,4.0,1.0,5.0
b1f064ac,,,1.0,1.1428571428571428
a3b146ca,4.818181818181818,20.0,4.739130434782608,19.416666666666668
8ba98f12,,,2.0,7.0
17c1ae23,10.8,26.0,10.8,26.0
93c72a97,1.75,5.4,1.75,5.4
96de5f57,,,,
3e398bf9,2.1666666666666665,5.75,2.25,4.3478260869565215
467c549f,5.5,18.0,5.0,17.0625
3ab539f0,3.176470588235294,6.7727272727272725,3.0416666666666665,6.0
25849c6c,2.3846153846153846,7.521739130434782,2.3846153846153846,7.521739130434782
7347b54e,14.090909090909092,36.90909090909091,13.565217391304348,35.608695652173914
ad536dea,31.0,52.57142857142857,27.294117647058822,39.55
de3750cc,14.466666666666667,36.75,13.625,34.94117647058823
dd689eb0,8.0,24.0,5.5,10.714285714285714
144a9a79,14.523809523809524,32.80952380952381,14.090909090909092,31.863636363636363
aecc7e74,6.0,10.0,13.0,10.857142857142858
f67908e7,8.714285714285714,18.55,8.266666666666667,18.571428571428573
fc41be2f,13.538461538461538,39.53846153846154,11.529411764705882,31.72222222222222
29b37b4a,7.857142857142857,11.173913043478262,7.8,11.166666666666666
5c186496,2.5714285714285716,7.619047619047619,2.5714285714285716,7.409090909090909
101774f0,10.6,21.419354838709676,10.290322580645162,20.393939393939394
49a1931d,14.5,34.130434782608695,14.5,34.130434782608695
a3858c6a,,,,
327ef356,11.071428571428571,23.655172413793103,10.89655172413793,23.4
4a6af685,10.0,17.6,9.2,17.428571428571427
4cde1e34,2.5,2.5,2.5,2.5384615384615383
0d924604,12.413793103448276,27.620689655172413,12.413793103448276,26.032258064516128
e315fdd7,2.25,10.1,2.25,10.1
cd89d5f1,3.1176470588235294,9.066666666666666,3.1176470588235294,8.806451612903226
df4ab9b1,3.5,3.8,3.5,3.8
6ebfdc95,6.5,20.0,2.5,6.62
c6575d38,1.0,5.1,1.0,5.1
0b50f3fa,18.2,29.0,17.25,27.666666666666668
278e8a51,11.666666666666666,21.75,8.875,12.529411764705882
cb73fed9,4.0,12.142857142857142,3.25,11.625
89a26502,,,1.6666666666666667,2.2
56ef356c,13.969696969696969,37.333333333333336,13.588235294117647,36.44117647058823
71ee31f8,9.238095238095237,25.318181818181817,9.238095238095237,24.304347826086957
31b74cd4,26.130434782608695,46.130434782608695,25.166666666666668,44.708333333333336
6abd21d4,2.0,2.625,2.0,2.4444444444444446
6595d479,8.526315789473685,20.954545454545453,8.526315789473685,20.954545454545453
fdb6b48b,28.0,54.38461538461539,25.75,39.95
35daea65,24.766666666666666,48.38709677419355,24.766666666666666,45.63636363636363
e243119c,22.7,43.61904761904762,21.875,40.53846153846154
bb808a71,3.0,8.25,3.2,8.6
78704d22,3.0,5.8,3.0,5.8
6c6cd633,5.1875,15.7,4.9411764705882355,15.238095238095237
9ff73d95,,,1.8888888888888888,5.3
ea4619ec,10.588235294117647,23.15,10.588235294117647,22.19047619047619
3b091b83,16.8,35.06666666666667,16.387096774193548,34.193548387096776
e40319d7,7.25,25.642857142857142,7.153846153846154,25.133333333333333
4f20b188,11.0,27.055555555555557,10.533333333333333,26.210526315789473
5d3b6ea5,18.772727272727273,35.90909090909091,18.434782608695652,35.91304347826087
d08806a2,10.8,31.857142857142858,10.0,26.14814814814815
9fa68512,1.0,5.0,9.0,13.666666666666666
fd56e059,13.705882352941176,29.333333333333332,13.055555555555555,28.05263157894737
9cf04c41,4.866666666666666,13.08695652173913,4.866666666666666,13.08695652173913
a297d1b9,15.470588235294118,30.45,15.88888888888889,28.17391304347826
c2e15338,,,1.0,1.4285714285714286
658e66ec,1.0,4.375,1.0,4.0
4e6c7a75,8.366666666666667,28.666666666666668,8.0625,27.3125
059eed01,11.0,19.2,11.0,16.5
09b29113,8.772727272727273,25.043478260869566,8.434782608695652,24.208333333333332
8ddb6b8d,21.45,45.5,21.142857142857142,45.04761904761905
22536a61,3.6923076923076925,7.764705882352941,3.6923076923076925,7.388888888888889
37ae1239,17.11764705882353,42.611111111111114,16.72222222222222,41.68421052631579
93c06d4c,6.666666666666667,21.285714285714285,6.230769230769231,20.2
93fd93c4,,,3.0,5.0
fd0d9bca,16.8,32.4,17.095238095238095,31.227272727272727
9cba0d0e,11.73913043478261,26.434782608695652,11.73913043478261,26.434782608695652
30d2fd47,,,,
a26c3e8f,10.909090909090908,31.90909090909091,10.521739130434783,31.130434782608695
8a9e653f,6.181818181818182,22.5,6.043478260869565,21.82608695652174
de3ecca9,19.642857142857142,34.470588235294116,18.8,32.26315789473684
10e46254,12.0,38.13636363636363,11.347826086956522,36.958333333333336
954a4c2e,4.0,5.0,4.0,5.0
9e964060,,,2.0,5.0
428c37ea,19.25,30.75,15.8,25.6
537dc410,1.0,5.166666666666667,1.0,5.166666666666667
04cb2c30,7.366666666666666,20.12121212121212,7.366666666666666,20.12121212121212
c9dabad5,12.217391304347826,32.26086956521739,12.75,32.083333333333336
4dc4ed56,32.375,65.75,26.916666666666668,47.57142857142857
2d0bbbd3,8.285714285714286,32.714285714285715,6.888888888888889,27.555555555555557
d5fde276,9.0,22.095238095238095,9.0,22.095238095238095
099e3614,15.142857142857142,32.666666666666664,14.590909090909092,29.208333333333332
321202d4,11.521739130434783,31.75,11.521739130434783,31.75
ec13a1b9,24.5,45.5,11.571428571428571,21.22222222222222
a4481101,1.0,4.0,1.0,6.0
fab75c2c,14.4,31.666666666666668,12.666666666666666,28.857142857142858
75c13e08,6.5,17.647058823529413,6.153846153846154,17.0
b2b56219,12.826086956521738,36.34782608695652,12.375,35.291666666666664
83912085,14.423076923076923,36.25925925925926,13.5,33.266666666666666
0fbb3ca5,2.4166666666666665,15.35,2.642857142857143,14.304347826086957
9ab4909f,8.0,19.25,5.333333333333333,14.428571428571429
cd144127,16.766666666666666,30.70967741935484,16.258064516129032,26.16216216216216
1b2eea8f,6.5,20.416666666666668,6.230769230769231,19.23076923076923
8c0ca955,2.5714285714285716,8.84,2.5714285714285716,8.84
ba73bc7c,11.785714285714286,24.8125,11.266666666666667,23.823529411764707
d5a8d9b0,5.5,13.0,5.5,10.0
31d61741,8.0,18.25,6.666666666666667,19.4
5f099188,,,,4.0
f7fc97cf,,,3.3333333333333335,10.363636363636363
e7d08824,,6.0,4.5,5.222222222222222
cd1fff5a,1.8,7.95,1.8,7.95
b94ec4a1,2.4705882352941178,11.857142857142858,2.388888888888889,11.5
83379672,5.9411764705882355,16.5,5.885714285714286,15.567567567567568
b25abc27,6.565217391304348,21.217391304347824,6.458333333333333,20.708333333333332
a9c53cdb,23.473684210526315,45.36842105263158,22.55,43.6
9bdd6964,20.333333333333332,28.869565217391305,20.333333333333332,28.869565217391305
a2994e55,3.588235294117647,15.476190476190476,3.5,15.409090909090908
350dbeba,25.55,41.4,25.047619047619047,40.38095238095238
57c4f2b4,15.15,32.666666666666664,11.642857142857142,24.25
029a19c9,2.4545454545454546,12.058823529411764,2.4545454545454546,11.61111111111111
1c23295e,1.0,7.0,1.0,6.0
a5dbb00a,3.1904761904761907,10.15625,3.090909090909091,9.882352941176471
4a1440d9,5.833333333333333,11.0,5.285714285714286,10.5
c55187b4,1.0,3.0,1.0,2.6666666666666665
84b7d89d,1.0,3.076923076923077,1.0,2.9285714285714284
9b96b0e4,10.166666666666666,17.571428571428573,10.166666666666666,17.571428571428573
a8b0428d,,,,
f420b05a,4.25,15.461538461538462,4.25,15.461538461538462
214f46e8,6.217391304347826,25.695652173913043,6.125,25.5
daf3969c,,,1.0,2.7916666666666665
cfe4cf40,,,,2.0
c731458f,8.055555555555555,19.347826086956523,7.65,19.04
adc2d620,6.5,16.942857142857143,6.5,16.942857142857143
22b4191a,2.4,6.96875,2.4,6.878787878787879
05e94f88,1.0,7.0,1.0,7.0
43a7386d,11.0,16.142857142857142,11.0,16.142857142857142
2840643b,13.5,21.5,10.222222222222221,20.0
1b329556,12.045454545454545,31.130434782608695,11.73913043478261,30.583333333333332
62b873a2,17.58823529411765,35.76470588235294,16.77777777777778,34.388888888888886
57de6095,18.142857142857142,45.214285714285715,19.466666666666665,48.06666666666667
